id,age,sex,region,income,married,children,type_of_insurance,premium
112101,48,FEMALE,INNER_CITY,22546,NO,1,Health,50000
112102,40,MALE,TOWN,30085.1,YES,3,Home,20000
112103,51,FEMALE,INNER_CITY,16575.4,YES,0,Vehicle,30000
112104,23,FEMALE,TOWN,20375.4,YES,3,Life,45000
112105,57,FEMALE,RURAL,50576.3,YES,0,Child,20000
112106,57,FEMALE,TOWN,37869.6,YES,2,Vehicle,10000
112107,22,MALE,RURAL,8877.07,NO,0,Home,30000
112108,58,MALE,TOWN,24946.6,YES,0,Health,10000
112109,37,FEMALE,SUBURBAN,25304.3,YES,2,Life,25000
112110,54,MALE,TOWN,24212.1,YES,2,Vehicle,45000
112111,66,FEMALE,TOWN,59803.9,YES,0,Vehicle,30000
112112,52,FEMALE,INNER_CITY,26658.8,NO,0,Child,15000
112113,44,FEMALE,TOWN,15735.8,YES,1,Health,50000
112114,66,FEMALE,TOWN,55204.7,YES,1,Life,20000
112115,36,MALE,RURAL,24474.6,YES,3,Child,25000
112116,38,FEMALE,INNER_CITY,22342.1,YES,0,Child,30000
112122,37,FEMALE,TOWN,22729.8,YES,2,Life,25000
112124,46,FEMALE,SUBURBAN,41016,YES,0,Home,40000
112124,62,FEMALE,INNER_CITY,26909.2,YES,0,Health,45000
112120,31,MALE,TOWN,22522.8,YES,0,Child,20000
112121,61,MALE,INNER_CITY,57880.7,YES,2,Life,45000
112122,50,MALE,TOWN,16497.3,YES,2,Child,10000
112123,54,MALE,INNER_CITY,38446.6,YES,0,Home,50000
112124,27,FEMALE,TOWN,15538.8,NO,0,Child,45000
112125,22,MALE,INNER_CITY,12640.3,NO,2,Home,50000
112126,56,MALE,INNER_CITY,41034,YES,0,Health,20000
112127,45,MALE,INNER_CITY,20809.7,YES,0,Life,10000
112128,39,FEMALE,TOWN,20114,YES,1,Child,50000
112129,39,FEMALE,INNER_CITY,29359.1,NO,3,Health,50000
112130,61,MALE,RURAL,24270.1,YES,1,Child,45000
112131,61,FEMALE,RURAL,22942.9,YES,2,Life,50000
112132,20,FEMALE,TOWN,16325.8,YES,2,Home,30000
112133,45,MALE,SUBURBAN,23443.2,YES,1,Vehicle,45000
112134,33,FEMALE,INNER_CITY,29921.3,NO,3,Home,50000
112135,43,MALE,SUBURBAN,37521.9,NO,0,Life,20000
112136,27,FEMALE,INNER_CITY,24868,YES,2,Child,45000
112137,24,MALE,RURAL,10953,YES,3,Home,50000
112138,36,FEMALE,RURAL,13381,NO,0,Life,45000
112139,43,FEMALE,TOWN,24504.3,YES,0,Life,10000
112140,66,FEMALE,SUBURBAN,25391.5,NO,2,Health,50000
112141,55,MALE,TOWN,26774.2,YES,0,Child,45000
112142,47,FEMALE,INNER_CITY,26952.6,YES,0,Life,30000
112143,67,MALE,TOWN,55716.5,NO,2,Child,50000
112144,32,FEMALE,TOWN,27571.5,YES,0,Vehicle,10000
112145,20,MALE,INNER_CITY,13740,NO,2,Life,50000
112146,64,MALE,INNER_CITY,52670.6,YES,2,Health,10000
112147,50,FEMALE,INNER_CITY,13283.9,NO,1,Life,45000
112148,29,MALE,INNER_CITY,13106.6,NO,2,Health,50000
112149,52,MALE,INNER_CITY,39547.8,NO,2,Vehicle,45000
112150,47,FEMALE,RURAL,22867.3,YES,2,Home,50000
112151,24,MALE,TOWN,14309.7,NO,2,Life,10000
112152,36,MALE,TOWN,23894.8,YES,0,Health,30000
112153,43,MALE,TOWN,16259.7,YES,1,Health,20000
112154,48,MALE,SUBURBAN,29794.1,NO,1,Life,45000
112155,63,MALE,TOWN,56842.5,YES,0,Child,30000
112156,52,FEMALE,RURAL,47835.8,NO,3,Life,50000
112157,58,FEMALE,INNER_CITY,24977.5,NO,0,Home,45000
112158,28,MALE,INNER_CITY,23124.9,YES,0,Health,30000
112159,29,FEMALE,INNER_CITY,15143.8,YES,0,Child,10000
112160,34,MALE,INNER_CITY,25334.3,NO,1,Life,50000
112161,42,FEMALE,INNER_CITY,24763.3,YES,1,Vehicle,45000
112162,65,FEMALE,INNER_CITY,36589,NO,1,Life,45000
112163,47,MALE,INNER_CITY,27022.6,YES,2,Health,20000
112164,20,MALE,INNER_CITY,12200.4,YES,0,Life,10000
112165,21,MALE,TOWN,5014.21,NO,0,Health,50000
112166,42,MALE,INNER_CITY,22390.1,YES,0,Child,50000
112167,24,MALE,TOWN,10861,NO,2,Vehicle,10000
112168,41,FEMALE,TOWN,34892.9,NO,0,Home,50000
112169,30,MALE,TOWN,24403.1,NO,2,Health,30000
112220,31,FEMALE,RURAL,10441.9,YES,2,Life,30000
112221,25,MALE,INNER_CITY,14064.9,YES,3,Health,20000
112222,21,MALE,INNER_CITY,8062.73,NO,0,Child,10000
112223,36,MALE,INNER_CITY,32482,YES,3,Home,45000
112224,58,FEMALE,INNER_CITY,23247.5,YES,2,Vehicle,10000
112225,64,FEMALE,INNER_CITY,52674,NO,2,Health,50000
112226,59,FEMALE,RURAL,35610.5,NO,2,Life,30000
112227,45,FEMALE,TOWN,26948,NO,0,Life,45000
112228,61,MALE,INNER_CITY,49456.7,YES,1,Child,30000
112229,30,FEMALE,INNER_CITY,14724.5,YES,0,Vehicle,10000
112240,58,FEMALE,TOWN,34524.9,YES,2,Health,50000
112241,50,FEMALE,TOWN,22052.1,NO,3,Home,45000
112242,30,MALE,INNER_CITY,27808.1,NO,3,Child,20000
112243,29,FEMALE,INNER_CITY,12591.4,YES,1,Health,10000
112244,35,MALE,INNER_CITY,16394.4,YES,1,Home,50000
112245,62,MALE,INNER_CITY,24026.1,YES,0,Child,10000
112246,36,MALE,INNER_CITY,31683.1,YES,1,Life,30000
112247,25,FEMALE,INNER_CITY,15525,YES,0,Child,45000
112248,66,FEMALE,TOWN,22562.2,NO,0,Vehicle,45000
112249,30,MALE,SUBURBAN,15848.7,YES,0,Health,20000
112240,54,FEMALE,INNER_CITY,31095.6,YES,2,Life,10000
112241,37,MALE,TOWN,24814.5,YES,1,Home,45000
112242,28,FEMALE,INNER_CITY,25429.3,NO,2,Life,50000
112243,53,FEMALE,RURAL,34866.5,NO,0,Vehicle,30000
112244,61,MALE,INNER_CITY,42579.1,YES,2,Health,10000
112245,61,FEMALE,INNER_CITY,41127.4,YES,0,Home,45000
112246,24,FEMALE,INNER_CITY,9990.11,YES,0,Life,45000
112247,22,MALE,INNER_CITY,7948.62,YES,1,Home,50000
112248,34,MALE,TOWN,30870.8,YES,2,Child,30000
112249,35,FEMALE,INNER_CITY,12125.8,NO,2,Life,20000
112200,24,FEMALE,RURAL,15348.9,YES,0,Health,10000
112201,54,MALE,INNER_CITY,26707.9,YES,1,Child,50000
112202,27,FEMALE,INNER_CITY,11604.4,YES,2,Home,30000
112203,42,MALE,INNER_CITY,15499.9,YES,0,Child,30000
112204,43,MALE,TOWN,33088.5,NO,0,Health,10000
112205,64,FEMALE,INNER_CITY,34513.6,YES,1,Health,45000
112206,43,MALE,TOWN,32395.5,YES,3,Child,45000
112207,49,MALE,RURAL,46633,YES,0,Vehicle,10000
112208,23,MALE,INNER_CITY,13039.9,YES,0,Home,45000
112209,23,MALE,INNER_CITY,12681.9,NO,0,Life,30000
112210,30,FEMALE,INNER_CITY,24031.5,YES,2,Child,45000
112211,36,MALE,TOWN,37330.5,NO,2,Life,50000
112212,34,MALE,INNER_CITY,25333.2,YES,3,Child,45000
112213,51,FEMALE,INNER_CITY,37094.2,YES,0,Home,30000
112214,36,MALE,TOWN,33630.6,NO,2,Child,30000
112215,56,MALE,INNER_CITY,43228.2,YES,1,Life,20000
112216,54,FEMALE,INNER_CITY,47796.8,YES,0,Life,30000
112222,56,FEMALE,TOWN,22230.3,YES,2,Health,45000
112224,26,MALE,INNER_CITY,10044.1,YES,3,Child,20000
112224,39,MALE,TOWN,22270.1,NO,0,Vehicle,10000
112220,64,FEMALE,RURAL,45765,YES,3,Child,45000
112221,46,MALE,RURAL,29525.5,NO,2,Home,30000
112222,62,FEMALE,RURAL,54863.8,YES,1,Health,20000
112223,36,FEMALE,TOWN,20799,YES,1,Child,10000
112224,35,FEMALE,RURAL,33028.3,NO,1,Life,50000
112225,47,MALE,RURAL,45031.9,NO,3,Child,45000
112226,47,MALE,INNER_CITY,39010.8,YES,2,Life,45000
112227,37,FEMALE,TOWN,25257.7,YES,0,Home,30000
112228,48,FEMALE,INNER_CITY,42603.9,YES,0,Health,10000
112229,41,MALE,TOWN,14092.7,YES,3,Child,30000
112230,27,FEMALE,RURAL,21350.3,NO,0,Home,45000
112231,43,MALE,INNER_CITY,23246.4,NO,2,Vehicle,45000
112232,61,MALE,RURAL,41609.5,YES,3,Life,50000
112233,52,FEMALE,SUBURBAN,16716.1,NO,2,Health,45000
112234,64,FEMALE,SUBURBAN,36436.4,YES,0,Vehicle,10000
112235,66,FEMALE,TOWN,59503.8,YES,2,Life,30000
112236,53,FEMALE,TOWN,31334.8,YES,1,Life,10000
112237,20,FEMALE,INNER_CITY,14048.9,YES,2,Home,30000
112238,57,FEMALE,INNER_CITY,39205.3,NO,0,Health,10000
112239,65,FEMALE,RURAL,42223.9,YES,0,Health,50000
112240,64,FEMALE,INNER_CITY,55263,NO,1,Life,10000
112241,52,MALE,INNER_CITY,37095.2,YES,3,Vehicle,20000
112242,47,FEMALE,INNER_CITY,22791.4,YES,0,Home,45000
112243,28,FEMALE,TOWN,22240.6,YES,1,Health,45000
112244,64,MALE,TOWN,48974.8,YES,0,Health,10000
112245,25,MALE,INNER_CITY,24923,YES,1,Health,20000
112246,58,MALE,SUBURBAN,51204.2,YES,0,Life,10000
112247,34,MALE,TOWN,20236.2,YES,2,Vehicle,30000
112248,20,FEMALE,INNER_CITY,24860.3,NO,2,Health,45000
112249,63,MALE,RURAL,25732.5,YES,0,Health,50000
112250,30,FEMALE,SUBURBAN,28240.4,YES,3,Home,45000
112251,53,MALE,RURAL,28243.6,YES,1,Life,30000
112252,43,MALE,TOWN,36432.8,NO,2,Health,10000
112253,63,MALE,TOWN,54624.8,YES,2,Vehicle,30000
112254,33,MALE,INNER_CITY,24760.8,YES,1,Health,10000
112255,41,MALE,RURAL,23356.1,NO,2,Health,50000
112256,20,FEMALE,SUBURBAN,8143.75,YES,2,Health,45000
112257,50,MALE,TOWN,26462.5,YES,0,Life,10000
112258,24,MALE,RURAL,20467.3,YES,2,Life,50000
112259,60,FEMALE,TOWN,21506.2,YES,0,Health,10000
112260,44,FEMALE,TOWN,15315.3,YES,1,Life,45000
112261,23,MALE,INNER_CITY,24875.7,YES,2,Home,45000
112262,40,FEMALE,INNER_CITY,12977.2,YES,0,Health,10000
112263,49,FEMALE,TOWN,20708.5,NO,3,Life,50000
112264,21,FEMALE,TOWN,7549.38,NO,1,Life,45000
112265,40,FEMALE,INNER_CITY,24904,YES,0,Health,20000
112266,26,MALE,RURAL,24071.8,YES,1,Health,10000
112267,20,MALE,TOWN,9589.91,NO,1,Child,30000
112268,24,MALE,INNER_CITY,8562.86,NO,1,Vehicle,45000
112269,37,FEMALE,TOWN,26707.5,NO,0,Life,45000
112270,56,MALE,INNER_CITY,34020.5,YES,0,Home,45000
112271,52,MALE,INNER_CITY,49225.7,YES,0,Child,10000
112272,22,MALE,INNER_CITY,24726.3,YES,2,Health,50000
112273,35,MALE,INNER_CITY,24346.6,YES,3,Vehicle,30000
112274,34,MALE,RURAL,26999.4,YES,1,Home,30000
112275,67,FEMALE,TOWN,41558.1,YES,2,Health,45000
112276,58,FEMALE,INNER_CITY,56340.3,NO,0,Health,45000
112277,40,MALE,TOWN,37558.5,YES,0,Child,20000
112278,41,FEMALE,INNER_CITY,30099.3,YES,0,Health,10000
112279,43,MALE,INNER_CITY,15254.8,YES,0,Child,30000
112280,63,MALE,INNER_CITY,36086.1,YES,2,Life,10000
112281,22,FEMALE,INNER_CITY,22655,YES,1,Life,30000
112282,60,MALE,RURAL,56658.9,NO,0,Vehicle,45000
112283,65,FEMALE,INNER_CITY,37706.5,NO,0,Health,10000
112284,48,FEMALE,INNER_CITY,24516,YES,2,Child,50000
112285,38,FEMALE,INNER_CITY,29622,NO,0,Child,45000
112286,49,MALE,RURAL,32669.9,YES,1,Home,30000
112287,20,FEMALE,INNER_CITY,24275.5,YES,0,Life,10000
112288,48,FEMALE,TOWN,34410,YES,1,Vehicle,20000
112289,38,MALE,INNER_CITY,34866.9,YES,2,Life,50000
112290,41,FEMALE,INNER_CITY,22296.6,YES,0,Health,45000
112291,67,FEMALE,SUBURBAN,63130.1,YES,2,Child,10000
112292,39,MALE,INNER_CITY,14996.4,YES,1,Home,30000
112293,64,FEMALE,RURAL,49024.9,YES,3,Child,10000
112294,41,MALE,INNER_CITY,16249.8,YES,0,Health,50000
112295,55,MALE,SUBURBAN,36242.1,YES,2,Life,45000
112296,52,MALE,INNER_CITY,22839.9,YES,1,Child,45000
112297,30,FEMALE,INNER_CITY,24802.4,NO,0,Vehicle,30000
112298,52,MALE,INNER_CITY,48720.3,YES,2,Child,30000
112299,26,MALE,INNER_CITY,14585.9,NO,2,Life,50000
112300,26,FEMALE,INNER_CITY,20824,YES,0,Vehicle,10000
112301,46,MALE,TOWN,26077.8,YES,1,Home,20000
112302,46,FEMALE,TOWN,41627.1,YES,0,Health,10000
112303,52,MALE,INNER_CITY,16977.3,YES,0,Child,50000
112304,37,MALE,INNER_CITY,24012.8,NO,3,Life,30000
112305,22,MALE,INNER_CITY,12764.8,YES,1,Home,10000
112306,24,MALE,INNER_CITY,14388.6,NO,0,Child,20000
112307,63,MALE,INNER_CITY,59409.1,NO,0,Health,45000
112308,25,FEMALE,INNER_CITY,14960.2,YES,0,Life,45000
112309,67,MALE,INNER_CITY,39666.6,YES,0,Child,20000
112310,27,MALE,INNER_CITY,20771.9,NO,0,Health,50000
112311,61,MALE,INNER_CITY,24474.1,NO,0,Vehicle,10000
112312,58,MALE,TOWN,33123.7,YES,1,Life,45000
112313,22,MALE,INNER_CITY,14433.4,YES,0,Child,30000
112314,28,MALE,TOWN,13225.5,NO,1,Health,45000
112315,23,MALE,INNER_CITY,9824.37,YES,0,Child,30000
112316,27,MALE,SUBURBAN,22610.3,YES,0,Child,45000
112322,27,FEMALE,SUBURBAN,15156.2,YES,0,Home,50000
112324,40,FEMALE,INNER_CITY,32274.1,YES,3,Health,10000
112324,39,MALE,TOWN,31693.5,NO,0,Vehicle,10000
112320,35,FEMALE,INNER_CITY,28598.7,YES,0,Life,10000
112321,37,FEMALE,INNER_CITY,26261.7,NO,2,Health,30000
112322,47,MALE,INNER_CITY,42124.1,YES,2,Home,50000
112323,42,FEMALE,INNER_CITY,39308.7,YES,1,Life,50000
112324,67,FEMALE,INNER_CITY,43530,YES,0,Health,45000
112325,57,MALE,RURAL,49874.4,YES,3,Child,30000
112326,47,FEMALE,RURAL,27434.8,NO,0,Child,10000
112327,67,MALE,INNER_CITY,50474.6,YES,2,Life,20000
112328,56,MALE,TOWN,24888.2,NO,0,Health,45000
112329,37,MALE,RURAL,28021.6,NO,0,Life,10000
112330,27,MALE,INNER_CITY,12279.5,NO,0,Vehicle,50000
112331,59,FEMALE,INNER_CITY,30249.4,YES,0,Home,30000
112332,31,MALE,INNER_CITY,28969.4,NO,1,Life,30000
112333,31,MALE,SUBURBAN,14058.5,YES,0,Life,45000
112334,32,FEMALE,TOWN,30404.3,YES,0,Home,10000
112335,57,FEMALE,RURAL,41438.2,NO,3,Health,45000
112336,49,FEMALE,INNER_CITY,16711.3,NO,1,Vehicle,45000
112337,65,MALE,TOWN,52255.9,NO,2,Life,45000
112338,22,FEMALE,INNER_CITY,22866.9,YES,2,Life,30000
112339,26,FEMALE,RURAL,24067.5,YES,2,Child,10000
112340,23,MALE,INNER_CITY,12823.7,YES,0,Health,10000
112341,26,FEMALE,RURAL,11299.3,YES,2,Child,20000
112342,59,FEMALE,INNER_CITY,56031.1,NO,0,Life,10000
112343,67,MALE,INNER_CITY,35263.5,YES,1,Health,30000
112344,34,FEMALE,INNER_CITY,24968.1,YES,0,Home,50000
112345,50,MALE,RURAL,27825.5,YES,2,Life,10000
112346,46,MALE,SUBURBAN,37773.9,NO,0,Health,45000
112347,23,FEMALE,INNER_CITY,7606.25,NO,3,Child,30000
112348,26,MALE,RURAL,21384.4,YES,0,Life,10000
112349,40,MALE,TOWN,20347,YES,3,Health,30000
112350,36,MALE,TOWN,21332.3,YES,3,Life,45000
112351,65,MALE,INNER_CITY,57671.7,NO,0,Vehicle,50000
112352,45,FEMALE,TOWN,36057.8,YES,1,Child,10000
112353,23,MALE,INNER_CITY,14290.5,YES,2,Home,20000
112354,42,FEMALE,TOWN,22882.9,YES,1,Life,45000
112355,21,FEMALE,RURAL,10629.1,NO,3,Life,10000
112356,62,FEMALE,INNER_CITY,24262.8,NO,0,Child,30000
112357,49,FEMALE,SUBURBAN,26097.9,NO,2,Home,10000
112358,28,FEMALE,TOWN,23371,YES,2,Health,45000
112359,38,FEMALE,TOWN,21495.6,NO,3,Child,30000
112360,36,MALE,TOWN,12166.9,NO,0,Home,45000
112361,22,MALE,SUBURBAN,22240.2,YES,0,Life,45000
112362,40,FEMALE,TOWN,28882.3,YES,1,Child,50000
112363,40,FEMALE,TOWN,21612.2,YES,0,Life,45000
112364,60,FEMALE,INNER_CITY,46358.4,YES,0,Health,45000
112365,23,MALE,INNER_CITY,24166,NO,0,Child,20000
112366,21,MALE,INNER_CITY,22921.8,YES,1,Vehicle,45000
112367,58,MALE,TOWN,33229,NO,0,Health,10000
112368,48,FEMALE,SUBURBAN,30396.1,NO,0,Life,50000
112369,63,FEMALE,TOWN,34625.2,YES,0,Home,10000
112370,20,MALE,TOWN,16672.8,NO,3,Life,45000
112371,67,FEMALE,SUBURBAN,60747.5,NO,2,Life,10000
112372,62,FEMALE,INNER_CITY,56394.3,NO,0,Vehicle,30000
112373,36,MALE,TOWN,13236.4,YES,0,Child,10000
112374,31,MALE,INNER_CITY,28409.4,YES,1,Home,50000
112375,42,FEMALE,INNER_CITY,27056.5,YES,0,Child,10000
112376,24,MALE,RURAL,9362.58,YES,0,Life,45000
112377,46,FEMALE,SUBURBAN,28702.7,NO,1,Health,50000
112378,25,MALE,TOWN,22366.1,YES,1,Child,10000
112379,65,FEMALE,RURAL,24477.5,NO,0,Life,30000
112380,40,MALE,TOWN,36972.4,YES,1,Life,20000
112381,32,MALE,INNER_CITY,22327.8,YES,1,Home,45000
112382,24,FEMALE,INNER_CITY,15610.2,YES,0,Health,30000
112383,64,MALE,INNER_CITY,54314.5,YES,1,Child,50000
112384,43,FEMALE,INNER_CITY,39225.8,YES,3,Vehicle,45000
112385,22,FEMALE,INNER_CITY,13739,YES,3,Child,30000
112386,25,MALE,TOWN,9485.84,YES,0,Life,45000
112387,39,MALE,INNER_CITY,24675.7,YES,1,Child,30000
112388,58,FEMALE,INNER_CITY,28253.6,YES,3,Life,45000
112389,33,MALE,INNER_CITY,14136.5,YES,1,Health,50000
112390,52,FEMALE,RURAL,37162.1,YES,1,Child,45000
112391,23,MALE,INNER_CITY,13524.2,NO,0,Vehicle,30000
112392,44,FEMALE,INNER_CITY,39253.6,NO,0,Child,50000
112393,51,MALE,RURAL,46323.8,YES,2,Life,20000
112394,26,FEMALE,TOWN,20950.7,YES,0,Home,45000
112395,42,MALE,TOWN,22495.7,YES,0,Child,30000
112396,34,MALE,TOWN,32548.9,YES,0,Health,50000
112397,54,FEMALE,RURAL,24583.4,NO,2,Life,45000
112398,24,MALE,RURAL,8639.24,YES,2,Life,20000
112399,47,FEMALE,INNER_CITY,22139.5,NO,2,Vehicle,50000
112400,24,FEMALE,INNER_CITY,13667.7,YES,0,Health,50000
112401,24,FEMALE,INNER_CITY,8162.42,YES,1,Home,20000
112402,37,FEMALE,TOWN,15349.6,YES,0,Vehicle,30000
112403,45,FEMALE,TOWN,29231.4,YES,0,Life,45000
112404,49,MALE,RURAL,41462.3,YES,3,Child,20000
112405,67,FEMALE,RURAL,57398.1,NO,3,Vehicle,10000
112406,35,FEMALE,RURAL,11520.8,YES,0,Home,30000
112407,63,MALE,INNER_CITY,52122.3,NO,2,Health,10000
112408,38,MALE,RURAL,26281.4,NO,0,Life,25000
112409,48,MALE,TOWN,25683.4,NO,2,Vehicle,45000
112410,28,FEMALE,INNER_CITY,12420.7,NO,1,Vehicle,30000
112411,46,MALE,TOWN,30658.7,YES,0,Child,15000
112412,66,MALE,INNER_CITY,36646.4,NO,1,Health,50000
112413,61,FEMALE,TOWN,30760.4,NO,2,Life,20000
112414,24,FEMALE,RURAL,16109.9,NO,2,Child,25000
112415,54,FEMALE,TOWN,24036.7,YES,0,Child,30000
112416,45,MALE,RURAL,42628.3,NO,0,Life,25000
112422,60,MALE,INNER_CITY,22110.1,NO,2,Home,40000
112424,45,FEMALE,TOWN,37689.1,NO,1,Health,45000
112424,31,FEMALE,INNER_CITY,23221.8,NO,2,Child,20000
112420,39,MALE,SUBURBAN,22451.3,NO,0,Life,45000
112421,53,MALE,INNER_CITY,38103.4,NO,2,Child,10000
112422,35,MALE,RURAL,22882.9,YES,0,Home,50000
112423,25,FEMALE,TOWN,11043.7,YES,1,Child,45000
112424,32,MALE,TOWN,24027.6,NO,0,Home,50000
112425,36,MALE,SUBURBAN,28495.1,YES,0,Health,20000
112426,24,FEMALE,TOWN,9465.21,NO,0,Life,10000
112427,39,MALE,INNER_CITY,34852.3,YES,1,Child,50000
112428,24,MALE,INNER_CITY,21268.4,YES,0,Health,50000
112429,57,FEMALE,RURAL,50849.2,NO,1,Child,45000
112430,27,FEMALE,TOWN,24555.9,YES,3,Life,50000
112431,66,FEMALE,RURAL,52769.9,YES,3,Home,30000
112432,24,FEMALE,INNER_CITY,11601.4,YES,2,Vehicle,45000
112433,33,FEMALE,TOWN,29541.7,YES,0,Home,50000
112434,48,MALE,SUBURBAN,22861,YES,2,Life,20000
112435,23,FEMALE,SUBURBAN,21042,YES,1,Child,45000
112436,44,MALE,TOWN,26688.1,YES,1,Home,50000
112437,39,MALE,INNER_CITY,26900.6,YES,2,Life,45000
112438,65,MALE,INNER_CITY,38080.9,YES,1,Life,10000
112439,60,MALE,SUBURBAN,37554.1,YES,2,Health,50000
112440,20,MALE,INNER_CITY,24244.6,YES,0,Child,45000
112441,45,FEMALE,SUBURBAN,28864.9,YES,0,Life,30000
112442,66,MALE,RURAL,48346.1,YES,1,Child,50000
112443,64,MALE,INNER_CITY,53104.3,YES,0,Vehicle,10000
112444,51,FEMALE,INNER_CITY,24416.8,YES,0,Life,50000
112445,34,MALE,RURAL,23638.1,YES,2,Health,10000
112446,65,FEMALE,TOWN,42378.2,YES,1,Life,45000
112447,50,MALE,RURAL,39745.3,YES,0,Health,50000
112448,66,FEMALE,INNER_CITY,45249.8,YES,0,Vehicle,45000
112449,63,MALE,INNER_CITY,37930.9,YES,0,Home,50000
112450,53,FEMALE,INNER_CITY,24042,NO,1,Life,10000
112451,33,FEMALE,INNER_CITY,31207.1,NO,0,Health,30000
112452,38,MALE,TOWN,24424.3,YES,0,Health,20000
112453,56,FEMALE,RURAL,24607.8,NO,1,Life,45000
112454,48,MALE,TOWN,43057,NO,1,Child,30000
112455,49,FEMALE,SUBURBAN,30248.5,YES,0,Life,50000
112456,54,FEMALE,RURAL,50246.1,YES,2,Home,45000
112457,41,FEMALE,SUBURBAN,22916.1,YES,0,Health,30000
112458,24,MALE,RURAL,9592.73,NO,0,Child,10000
112459,52,FEMALE,INNER_CITY,34253.6,NO,3,Life,50000
112460,52,FEMALE,INNER_CITY,22792.3,YES,1,Vehicle,45000
112461,64,FEMALE,TOWN,51620.8,NO,2,Life,45000
112462,56,MALE,TOWN,24924.9,YES,3,Health,20000
112463,56,MALE,TOWN,29625.1,YES,2,Life,10000
112464,24,FEMALE,TOWN,12549,YES,0,Health,50000
112465,56,FEMALE,TOWN,51299.3,YES,1,Child,50000
112466,27,MALE,INNER_CITY,22364.8,YES,2,Vehicle,10000
112467,59,FEMALE,INNER_CITY,29866.9,NO,1,Home,50000
112468,56,MALE,INNER_CITY,47750.2,YES,0,Health,30000
112469,21,MALE,TOWN,11281.5,YES,0,Life,30000
112470,64,MALE,INNER_CITY,34073.8,YES,3,Health,20000
112471,62,MALE,INNER_CITY,46870.4,YES,0,Child,10000
112472,44,FEMALE,INNER_CITY,38453.7,NO,2,Home,45000
112473,24,FEMALE,INNER_CITY,7756.36,NO,0,Vehicle,10000
112474,52,FEMALE,INNER_CITY,28413.8,YES,0,Health,50000
112475,67,FEMALE,SUBURBAN,47248.6,YES,2,Life,30000
112476,41,MALE,INNER_CITY,20866.3,YES,0,Life,45000
112477,58,FEMALE,TOWN,33204.3,NO,1,Child,30000
112478,40,MALE,INNER_CITY,24823.5,NO,2,Vehicle,10000
112479,24,MALE,SUBURBAN,22986.8,YES,0,Health,50000
112480,20,FEMALE,INNER_CITY,9909.82,YES,3,Home,45000
112481,56,FEMALE,TOWN,26542.8,NO,0,Child,20000
112482,46,FEMALE,INNER_CITY,32583.5,YES,2,Health,10000
112483,30,MALE,INNER_CITY,14606.6,YES,1,Home,50000
112484,40,FEMALE,TOWN,34836.8,YES,1,Child,10000
112485,36,FEMALE,TOWN,26920.8,YES,0,Life,30000
112486,57,FEMALE,INNER_CITY,38248.3,NO,3,Child,45000
112487,49,MALE,INNER_CITY,15689.1,NO,0,Vehicle,45000
112488,61,MALE,INNER_CITY,30157.7,NO,1,Health,20000
112489,29,MALE,INNER_CITY,14642.2,NO,0,Life,10000
112490,48,FEMALE,INNER_CITY,15933.3,YES,0,Home,45000
112491,56,FEMALE,INNER_CITY,44288.3,YES,0,Life,50000
112492,40,MALE,TOWN,22247.1,NO,0,Vehicle,30000
112493,58,FEMALE,TOWN,38248.3,YES,3,Health,10000
112494,60,FEMALE,INNER_CITY,22053.2,YES,2,Home,45000
112495,58,FEMALE,SUBURBAN,25468.5,NO,0,Life,45000
112496,67,FEMALE,TOWN,23485.9,YES,3,Home,50000
112497,40,MALE,RURAL,25768.6,YES,0,Child,30000
112498,48,MALE,INNER_CITY,34242.2,YES,2,Life,20000
112499,64,FEMALE,INNER_CITY,57444.5,NO,1,Health,10000
112500,43,MALE,TOWN,38059.8,YES,0,Child,50000
112501,34,FEMALE,RURAL,24481.3,NO,0,Home,30000
112502,26,MALE,RURAL,24563.8,NO,3,Child,30000
112503,48,MALE,INNER_CITY,38598.4,YES,0,Health,10000
112504,35,MALE,INNER_CITY,20754.3,NO,0,Health,45000
112505,24,FEMALE,INNER_CITY,13864.6,YES,3,Child,45000
112506,47,MALE,SUBURBAN,36599,YES,3,Vehicle,10000
112507,52,MALE,SUBURBAN,45856.1,NO,1,Home,45000
112508,31,MALE,SUBURBAN,22362.3,NO,0,Life,30000
112509,41,FEMALE,SUBURBAN,22484,YES,1,Child,45000
112510,23,MALE,SUBURBAN,11073,YES,2,Life,50000
112511,27,FEMALE,INNER_CITY,24158.5,NO,1,Child,45000
112512,22,MALE,INNER_CITY,7304.2,NO,0,Home,30000
112513,67,FEMALE,INNER_CITY,58092,NO,2,Child,30000
112514,26,FEMALE,INNER_CITY,16524.6,YES,0,Life,20000
112515,58,FEMALE,SUBURBAN,46461.5,YES,0,Life,30000
112516,27,MALE,RURAL,20058.7,YES,0,Health,45000
112522,36,MALE,INNER_CITY,12533.2,NO,1,Child,20000
112524,31,MALE,RURAL,22848.5,YES,1,Vehicle,10000
112524,28,FEMALE,TOWN,25699.4,YES,2,Child,45000
112520,57,MALE,TOWN,21612.6,YES,0,Home,30000
112521,64,MALE,INNER_CITY,48950.9,YES,0,Health,20000
112522,49,MALE,INNER_CITY,41438,NO,1,Child,10000
112523,22,MALE,INNER_CITY,11411,YES,1,Life,50000
112524,58,FEMALE,INNER_CITY,43940.6,YES,0,Child,45000
112525,20,MALE,TOWN,22239.5,NO,1,Life,45000
112526,44,FEMALE,RURAL,30488.7,YES,0,Home,30000
112527,65,FEMALE,TOWN,29866.3,YES,3,Health,10000
112528,53,FEMALE,INNER_CITY,32244.4,YES,2,Child,30000
112529,34,FEMALE,INNER_CITY,22308.7,YES,1,Home,45000
112530,35,MALE,RURAL,27863.9,NO,2,Vehicle,45000
112531,48,MALE,TOWN,28920.6,YES,0,Life,50000
112532,64,FEMALE,TOWN,58367.3,YES,1,Health,45000
112533,46,MALE,TOWN,16849.3,NO,0,Vehicle,10000
112534,42,FEMALE,RURAL,28138.5,YES,0,Life,30000
112535,47,MALE,INNER_CITY,23038.2,YES,0,Life,10000
112536,23,MALE,TOWN,12236.9,NO,2,Home,30000
112537,35,MALE,INNER_CITY,16479.5,YES,0,Health,10000
112538,64,FEMALE,INNER_CITY,31415.7,NO,1,Health,50000
112539,24,FEMALE,SUBURBAN,12122.3,YES,1,Life,10000
112540,24,MALE,INNER_CITY,15422.1,YES,1,Vehicle,20000
112541,40,MALE,INNER_CITY,29414.6,YES,1,Home,45000
112542,47,MALE,INNER_CITY,44682.1,YES,0,Health,45000
112543,43,FEMALE,RURAL,36281,YES,0,Health,10000
112544,38,MALE,TOWN,33302.8,NO,0,Health,20000
112545,21,FEMALE,RURAL,15797.1,YES,0,Life,10000
112546,40,MALE,RURAL,32464.8,YES,0,Vehicle,30000
112547,52,FEMALE,TOWN,43724.5,YES,0,Health,45000
112548,35,FEMALE,TOWN,30799.5,YES,2,Health,50000
112549,53,MALE,RURAL,48971.6,YES,3,Home,45000
112550,38,FEMALE,RURAL,34061.4,NO,0,Life,30000
112551,42,MALE,INNER_CITY,28938.6,YES,3,Health,10000
112552,43,MALE,TOWN,38540,NO,0,Vehicle,30000
112553,59,FEMALE,INNER_CITY,27045.1,NO,0,Health,10000
112554,59,FEMALE,RURAL,51284.3,NO,0,Health,50000
112555,24,MALE,INNER_CITY,16352.2,NO,0,Health,45000
112556,27,FEMALE,INNER_CITY,12466.4,YES,0,Life,10000
112557,32,FEMALE,TOWN,13267.6,YES,0,Life,50000
112558,65,FEMALE,INNER_CITY,61554.6,YES,0,Health,10000
112559,24,MALE,SUBURBAN,13700.2,NO,1,Life,45000
112560,66,MALE,TOWN,46963.9,YES,1,Home,45000
112561,41,MALE,INNER_CITY,23475.6,YES,0,Health,10000
112562,64,FEMALE,SUBURBAN,24554.1,YES,0,Life,50000
112563,23,FEMALE,INNER_CITY,24050,YES,0,Life,45000
112564,29,FEMALE,RURAL,15237.6,YES,2,Health,20000
112565,28,MALE,TOWN,20555,NO,0,Health,10000
112566,57,FEMALE,TOWN,28421.7,YES,2,Child,30000
112567,38,MALE,INNER_CITY,22476.5,YES,0,Vehicle,45000
112568,34,FEMALE,SUBURBAN,12810.2,NO,3,Life,45000
112569,43,MALE,SUBURBAN,15109.4,YES,0,Home,45000
112570,63,MALE,TOWN,37414.7,NO,3,Child,10000
112571,62,FEMALE,INNER_CITY,41521.6,YES,0,Health,50000
112572,51,FEMALE,INNER_CITY,25372.8,YES,0,Vehicle,30000
112573,61,MALE,INNER_CITY,21139.8,YES,2,Home,30000
112574,41,FEMALE,TOWN,27757.6,NO,0,Health,45000
112575,31,FEMALE,TOWN,22678.1,NO,1,Health,45000
112576,33,FEMALE,TOWN,12228.5,YES,2,Child,20000
112577,43,MALE,RURAL,26106.7,NO,1,Health,10000
112578,40,MALE,INNER_CITY,27422.6,YES,0,Child,30000
112579,47,MALE,TOWN,23337.2,YES,2,Life,10000
112580,46,MALE,TOWN,43395.5,NO,1,Life,30000
112581,30,MALE,RURAL,11536.2,YES,2,Vehicle,45000
112582,47,MALE,INNER_CITY,44658.6,NO,2,Health,10000
112583,44,MALE,RURAL,32762.5,NO,0,Child,50000
112584,23,MALE,RURAL,16403.8,YES,0,Child,45000
112585,28,FEMALE,INNER_CITY,21244.7,YES,1,Home,30000
112586,64,FEMALE,INNER_CITY,49922.3,YES,0,Life,10000
112587,35,FEMALE,TOWN,21623.8,YES,0,Vehicle,20000
112588,24,MALE,RURAL,16625.9,YES,1,Life,50000
112589,27,FEMALE,TOWN,14014.5,YES,3,Health,45000
112590,27,MALE,INNER_CITY,20409.3,YES,2,Child,10000
112591,58,FEMALE,INNER_CITY,31671.3,YES,1,Home,30000
112592,46,FEMALE,TOWN,22149.2,NO,1,Child,10000
112593,61,FEMALE,TOWN,27756.3,YES,0,Health,50000
112594,59,MALE,INNER_CITY,40949.9,NO,0,Life,45000
112595,47,FEMALE,RURAL,43743.2,YES,3,Child,45000
112596,44,MALE,INNER_CITY,38459.9,YES,0,Vehicle,30000
112597,50,MALE,TOWN,40972.9,NO,2,Child,30000
112598,64,MALE,INNER_CITY,46587.9,NO,0,Life,50000
112599,51,FEMALE,TOWN,43799.6,NO,0,Vehicle,10000
112600,46,FEMALE,TOWN,24912.2,YES,0,Home,20000
112601,39,FEMALE,INNER_CITY,27765.8,YES,3,Health,10000
112602,58,FEMALE,INNER_CITY,33007.3,NO,1,Child,50000
112603,32,FEMALE,TOWN,26325.3,YES,0,Life,30000
112604,22,FEMALE,INNER_CITY,15308.2,NO,0,Home,10000
112605,63,FEMALE,INNER_CITY,59805.6,YES,1,Child,20000
112606,35,FEMALE,TOWN,28658.3,YES,0,Health,45000
112607,59,FEMALE,INNER_CITY,23225,YES,0,Life,45000
112608,22,FEMALE,SUBURBAN,11595.4,NO,0,Child,20000
112609,60,MALE,SUBURBAN,50409.9,NO,2,Health,50000
112610,23,FEMALE,RURAL,11215.3,YES,2,Vehicle,10000
112611,29,FEMALE,TOWN,13327.8,YES,0,Life,45000
112612,44,MALE,INNER_CITY,16088.8,YES,3,Child,30000
112613,63,FEMALE,TOWN,43943,YES,0,Health,45000
112614,25,FEMALE,RURAL,14505.3,NO,3,Child,30000
112615,37,MALE,INNER_CITY,33886.4,NO,0,Child,45000
112616,48,FEMALE,INNER_CITY,16662.5,YES,1,Home,50000
112622,35,FEMALE,TOWN,20262.6,NO,0,Health,10000
112624,51,MALE,TOWN,33615.4,YES,1,Vehicle,10000
112624,27,FEMALE,TOWN,22007.1,NO,3,Life,10000
112620,56,FEMALE,INNER_CITY,28981.1,YES,3,Health,30000
112621,38,FEMALE,INNER_CITY,12163.9,YES,2,Home,50000
112622,36,FEMALE,TOWN,22247.7,YES,2,Life,50000
112623,27,MALE,SUBURBAN,12683.6,NO,3,Health,45000
112624,34,FEMALE,TOWN,16291,YES,0,Child,30000
112625,44,MALE,SUBURBAN,24707.3,YES,0,Child,10000
112626,43,FEMALE,INNER_CITY,24326.9,YES,1,Life,20000
112627,32,MALE,INNER_CITY,14511.8,NO,2,Health,45000
112628,21,FEMALE,TOWN,10672,NO,1,Life,10000
112629,30,FEMALE,INNER_CITY,25830.5,YES,2,Vehicle,50000
112630,55,MALE,RURAL,43499.5,YES,1,Home,30000
112631,64,MALE,SUBURBAN,59225.1,YES,1,Life,30000
112632,36,FEMALE,INNER_CITY,27642.9,NO,1,Life,45000
112633,59,MALE,INNER_CITY,30067.5,NO,1,Home,10000
112634,60,MALE,INNER_CITY,29714.4,YES,0,Health,45000
112635,27,FEMALE,TOWN,13950.4,NO,1,Vehicle,45000
112636,29,MALE,INNER_CITY,10072.6,YES,0,Life,45000
112637,53,FEMALE,INNER_CITY,37850.6,NO,1,Life,30000
112638,61,FEMALE,RURAL,57226.4,NO,2,Child,10000
112639,43,FEMALE,INNER_CITY,38784,YES,0,Health,10000
112640,24,MALE,INNER_CITY,10241.8,YES,0,Child,20000
112641,48,FEMALE,INNER_CITY,22421.4,YES,1,Life,10000
112642,39,MALE,RURAL,37389,YES,2,Health,30000
112643,32,MALE,INNER_CITY,14627.9,YES,2,Home,50000
112644,63,MALE,SUBURBAN,48770.5,YES,1,Life,10000
112645,46,MALE,RURAL,21096.2,YES,1,Health,45000
112646,40,MALE,INNER_CITY,36256.9,NO,0,Child,30000
112647,27,FEMALE,INNER_CITY,15281.8,NO,0,Life,10000
112648,22,MALE,SUBURBAN,9316.98,YES,2,Health,30000
112649,42,MALE,RURAL,20736.2,YES,1,Life,45000
112650,58,FEMALE,TOWN,52662.5,YES,1,Vehicle,50000
112651,23,FEMALE,INNER_CITY,8020.24,YES,1,Child,10000
112652,58,MALE,SUBURBAN,32245.4,YES,3,Home,20000
112653,45,MALE,INNER_CITY,41107.2,YES,2,Life,45000
112654,49,FEMALE,SUBURBAN,39358.3,YES,0,Life,10000
112655,67,FEMALE,INNER_CITY,36095.9,YES,3,Child,30000
112656,20,FEMALE,TOWN,7723.93,YES,2,Home,10000
112657,43,FEMALE,RURAL,24565.8,YES,1,Health,45000
112658,41,MALE,RURAL,25132.9,YES,0,Child,30000
112659,38,FEMALE,SUBURBAN,31290.6,YES,0,Home,45000
112660,67,FEMALE,SUBURBAN,24858.4,YES,0,Life,45000
112661,40,MALE,INNER_CITY,16398.8,NO,1,Child,50000
112662,25,FEMALE,SUBURBAN,23287.9,NO,0,Life,45000
112663,57,FEMALE,RURAL,50897.6,YES,0,Health,45000
112664,32,FEMALE,INNER_CITY,22446.5,NO,1,Child,20000
112665,44,MALE,SUBURBAN,23092.1,YES,0,Vehicle,45000
112666,30,MALE,TOWN,24867.6,YES,0,Health,10000
112667,43,MALE,TOWN,22234.7,YES,0,Life,50000
112668,24,FEMALE,INNER_CITY,22371.1,YES,2,Home,10000
112669,37,FEMALE,TOWN,29574,YES,0,Life,45000
112670,49,MALE,INNER_CITY,22944.2,NO,1,Life,10000
112671,49,FEMALE,RURAL,33665.5,NO,3,Vehicle,30000
112672,40,MALE,INNER_CITY,36166.2,YES,0,Child,10000
112673,33,FEMALE,SUBURBAN,27712.9,NO,2,Home,50000
112674,39,MALE,TOWN,22400.7,YES,2,Child,10000
112675,43,FEMALE,INNER_CITY,28469.9,YES,0,Life,45000
112676,37,MALE,TOWN,30488,YES,0,Health,50000
112677,24,FEMALE,TOWN,24160.3,YES,1,Child,10000
112678,62,MALE,TOWN,45342.5,YES,0,Life,30000
112679,24,MALE,INNER_CITY,6294.21,NO,0,Life,20000
112680,47,FEMALE,TOWN,25127.7,YES,0,Home,45000
112681,63,MALE,SUBURBAN,52479.3,YES,2,Health,30000
112682,20,MALE,TOWN,12644.9,YES,2,Child,50000
112683,46,FEMALE,TOWN,22484.4,NO,3,Vehicle,45000
112684,47,FEMALE,RURAL,29093.1,NO,2,Child,30000
112685,33,MALE,TOWN,23528.4,YES,1,Life,45000
112686,20,MALE,TOWN,9516.91,NO,3,Child,30000
112687,20,MALE,INNER_CITY,24364.9,YES,1,Life,45000
112688,43,FEMALE,TOWN,31273.8,NO,1,Health,50000
112689,58,MALE,RURAL,49673.6,YES,0,Child,45000
112690,29,MALE,SUBURBAN,12623.4,YES,1,Vehicle,30000
112691,25,MALE,INNER_CITY,23824.6,YES,0,Child,50000
112692,40,FEMALE,INNER_CITY,31473.9,NO,2,Life,20000
112693,48,MALE,TOWN,20268,YES,0,Home,45000
112694,65,MALE,SUBURBAN,51422,YES,2,Child,30000
112695,59,FEMALE,RURAL,30971.8,YES,3,Health,50000
112696,61,FEMALE,INNER_CITY,47025,NO,2,Life,45000
112697,30,FEMALE,INNER_CITY,9672.25,YES,0,Life,20000
112698,31,FEMALE,TOWN,15976.3,YES,0,Vehicle,50000
112699,29,MALE,INNER_CITY,14711.8,YES,0,Health,20000
112700,38,MALE,TOWN,26671.6,NO,0,Life,10000
